actors1,actors2,cnt
하정우,김동욱,2
김향기,김동욱,2
하정우,김향기,2
하정우,마동석,2
김향기,마동석,2
주지훈,김동욱,2
주지훈,김향기,2
황정민,오달수,2
주지훈,마동석,2
하정우,주지훈,2
정유미,최우식,1
정유미,김의성,1
정유미,마동석,1
정유미,안소희,1
조인성,김아중,1
조승우,백윤식,1
조윤희,임지연,1
정우성,배성우,1
조인성,남주혁,1
조인성,류준열,1
조인성,박성웅,1
조인성,배성우,1
조인성,정우성,1
조진웅,김성령,1
정유미,김수안,1
공유,김수안,1
정우성,류준열,1
이정재,리암 니슨,1
이범수,리암 니슨,1
이범수,진세연,1
이병헌,백윤식,1
이병헌,조승우,1
이서진,김지수,1
이서진,송하윤,1
이서진,염정아,1
이서진,윤경호,1
이정재,이범수,1
정우성,김아중,1
이정재,진세연,1
이정재,하정우,1
이정현,김수안,1
이준,임지연,1
이준,조윤희,1
전지현,이정재,1
전지현,하정우,1
조진웅,김지수,1
조진웅,김주혁,1
조진웅,이서진,1
조진웅,류준열,1
하정우,배두나,1
하정우,차태현,1
현빈,김주혁,1
현빈,유해진,1
황정민,강동원,1
황정민,김수안,1
황정민,김윤진,1
황정민,김환희,1
황정민,소지섭,1
황정민,송중기,1
황정민,유아인,1
황정민,유해진,1
황정민,이정현,1
황정민,정우,1
황정민,정진영,1
황정민,천우희,1
하정우,오달수,1
토마스 크레취만,유해진,1
조진웅,박해준,1
토마스 크레취만,류준열,1
조진웅,송하윤,1
조진웅,염정아,1
조진웅,윤경호,1
유해진,조윤희,1
진구,이현우,1
차태현,김동욱,1
차태현,김향기,1
차태현,마동석,1
차태현,주지훈,1
천우희,김환희,1
최민식,류승룡,1
최민식,조진웅,1
최우식,안소희,1
쿠니무라 준,김환희,1
쿠니무라 준,천우희,1
유해진,조진웅,1
유해진,이준,1
유해진,임지연,1
김윤진,정진영,1
김의성,최우식,1
김주혁,김성령,1
김주혁,박해준,1
김지수,송하윤,1
김지수,윤경호,1
나문희,박인환,1
나문희,성동일,1
나문희,이진욱,1
남주혁,박성웅,1
류승룡,조진웅,1
류준열,김성령,1
류준열,김주혁,1
류준열,박해준,1
리암 니슨,진세연,1
마동석,김동욱,1
마동석,김수안,1
마동석,김의성,1
김의성,안소희,1
김윤진,오달수,1
마동석,윤계상,1
김윤석,강동원,1
공유,마동석,1
공유,안소희,1
공유,정유미,1
공유,최우식,1
곽도원,김환희,1
곽도원,천우희,1
곽도원,쿠니무라 준,1
곽도원,황정민,1
김남길,손예진,1
김동욱,마동석,1
김무열,이현우,1
김무열,진구,1
김성령,박해준,1
김수안,김의성,1
김수안,안소희,1
김수안,최우식,1
김아중,류준열,1
마동석,안소희,1
마동석,최우식,1
공유,김의성,1
심은경,나문희,1
심은경,성동일,1
심은경,이진욱,1
염정아,김지수,1
염정아,송하윤,1
염정아,윤경호,1
오달수,정진영,1
유아인,문근영,1
유아인,오달수,1
유아인,유해진,1
유해진,김주혁,1
유해진,김지수,1
유해진,류준열,1
유해진,송하윤,1
유해진,염정아,1
유해진,오달수,1
유해진,윤경호,1
유해진,이서진,1
심은경,박인환,1
송하윤,윤경호,1
박서준,강하늘,1
송중기,이정현,1
박인환,성동일,1
박인환,이진욱,1
배두나,오달수,1
배성우,김아중,1
배성우,류준열,1
성동일,이진욱,1
소지섭,김수안,1
소지섭,송중기,1
소지섭,이정현,1
손예진,박해일,1
송강호,공유,1
송강호,류준열,1
송강호,문근영,1
송강호,유아인,1
송강호,유해진,1
송강호,토마스 크레취만,1
송중기,김수안,1
황정민,쿠니무라 준,1
