Movie,Frequency
신과함께,590
내부자들,515
독전,430
탐정,429
인천상륙작전,385
곡성,355
아가씨,348
조선명탐정,340
군함도,331
귀향,329
대호,328
명량,320
터널,316
해무,314
부산행,311
또 하나의 약속,304
리틀 포레스트,303
형,301
스물,301
암살,298
베테랑,296
미씽,295
연평해전,294
카트,294
리얼,293
밀정,289
해적,289
아수라,287
사도,284
마스터,283
택시운전사,283
동주,281
청년경찰,279
군도,278
박열,276
검사외전,276
제보자,275
노무현입니다,275
미쓰백,275
역린,274
덕혜옹주,273
1987,273
버닝,272
곤지암,272
안시성,271
불한당,270
검은 사제들,270
소수의견,268
슬로우 비디오,266
7호실,265
수상한 그녀,264
널 기다리며,264
하루,263
간신,262
판도라,261
타짜,261
표적,261
차이나타운,260
비밀은 없다,258
인간중독,255
순정,254
물괴,254
럭키,254
재심,253
기술자들,252
히말라야,252
국제시장,251
미쓰 와이프,250
창궐,249
공조,249
궁합,249
특별시민,248
공작,248
목격자,245
인랑,244
염력,243
도어락,241
마녀,241
특별수사,241
남한산성,241
악녀,240
장수상회,238
더 킹,238
연애의 맛,237
무뢰한,237
살인자의 기억법,235
조작된 도시,235
완벽한 타인,233
극비수사,231
가려진 시간,231
장산범,230
허스토리,230
국가부도의 날,229
경성학교,228
손님,228
범죄도시,228
강철비,228
오늘의 연애,227
허삼관,226
쎄시봉,226
우리는 형제입니다,226
보안관,225
암수살인,224
미옥,223
오빠생각,223
너의 결혼식,223
좋아해줘,223
협상,222
해빙,221
대립군,221
침묵,220
꾼,219
끝까지 간다,219
빅매치,218
골든슬럼버,218
우아한 거짓말,217
남자가 사랑할 때,217
브이아이피,216
방황하는 칼날,215
남과 여,215
아이 캔 스피크,212
하이힐,211
걷기왕,211
상의원,211
변산,209
피끓는 청춘,205
기억의 밤,205
히야,204
강남 1970,203
패션왕,203
사냥,202
몬스터,200
명당,196
프리즌,194
7년의 밤,192
오피스,189
원라인,189
탐정 홍길동,187
"당신, 거기 있어줄래요",185
흥부,184
두근두근 내 인생,184
굿바이 싱글,183
나의 사랑 나의 신부,183
지금 만나러 갑니다,182
악의 연대기,182
그놈이다,182
바람 바람 바람,181
봉이 김선달,179
도리화가,178
상류사회,178
살인의뢰,177
싱글라이더,176
두 남자,176
해어화,175
어느날,175
조선마술사,174
사라진 밤,173
가시,172
"로봇, 소리",171
특종,170
서부전선,169
플랜맨,169
시간이탈자,168
레드카펫,168
나의 독재자,168
레슬러,165
챔피언,163
더 폰,160
맨홀,159
황제를 위하여,158
부라더,152
비밀,151
성난황소,142
치즈인더트랩,141
좋은 친구들,140
순수의 시대,138
계춘할망,138
"협녀, 칼의 기억",133
희생부활자,132
임금님의 사건수첩,131
관능의 법칙,131
번 더 스테이지,131
대장 김창수,130
보통사람,130
스플릿,130
여곡성,128
조선미녀삼총사,126
소녀괴담,124
"날, 보러와요",123
속닥속닥,122
국가대표 2,119
성난 변호사,118
신의 한 수,115
우는 남자,115
동네사람들,114
뷰티 인사이드,111
내 심장을 쏴라,111
돌연변이,107
백프로,103
덕구,102
올레,101
시간위의 집,99
열정같은소리하고있네,94
찌라시,93
치외법권,88
함정,87
"고산자, 대동여지도",86
덕수리 5형제,85
그날의 분위기,83
대배우,79
은밀한 유혹,78
원더풀 고스트,75
석조저택 살인사건,74
나를 기억해,73
혼숨,68
루시드 드림,66
나의 절친 악당들,63
역모,63
대결,61
헬머니,59
트릭,57
마담 뺑덕,55
번개맨,54
"그래, 가족",53
위험한 상견례 2,53
아빠는 딸,52
데자뷰,51
아빠를 빌려드립니다,50
채비,47
퇴마,46
배반의 장미,45
위대한 소원,40
반드시 잡는다,40
머니백,39
약장수,36
무수단,36
로마의 휴일,34
비정규직 특수요원,34
게이트,33
미안해 사랑해 고마워,29
설계,28
목숨 건 연애,28
해피 투게더,27
극적인 하룻밤,27
비밥바룰라,26
무서운 이야기 3,26
엽기적인 그녀 2,20
이웃집 스타,17
쓰리 썸머 나잇,11
검은손,8
타투,8
번개맨과 신비의 섬,4
구세주,3
번개맨의 비밀,1
터널 3D,0
여중생A,0
